232.HK,AVIC INTL HLDGS,Aerospace & Defense
8261.HK,HAITIAN HYDROPOW,Alternative Energy
686.HK,UNITED PHOTOVOLT,Alternative Energy
750.HK,CHINA SINGYES SO,Alternative Energy
968.HK,XINYI SOLAR HLDS,Alternative Energy
958.HK,HUANENG RENEWA-H,Alternative Energy
586.HK,CONCH VENTURE,Alternative Energy
3800.HK,GCL-POLY ENERGY,Alternative Energy
916.HK,CHINA LONGYUAN-H,Alternative Energy
8126.HK,GA HOLDINGS LTD,Automobiles & Parts
1241.HK,SHUANGHUA HLDGS,Automobiles & Parts
3663.HK,XIEZHONG INTERNA,Automobiles & Parts
613.HK,YUGANG INTL,Automobiles & Parts
305.HK,WULING MOTORS HO,Automobiles & Parts
1269.HK,CHINA VEHICLE CO,Automobiles & Parts
6830.HK,HUAZHONG IN-V,Automobiles & Parts
1899.HK,XINGDA INTL,Automobiles & Parts
1148.HK,XINCHEN CHINA PO,Automobiles & Parts
693.HK,TAN CHONG INTL,Automobiles & Parts
3836.HK,CHINA HARMONY AU,Automobiles & Parts
881.HK,ZHONGSHENG GROUP,Automobiles & Parts
425.HK,MINTH GROUP LTD,Automobiles & Parts
1316.HK,NEXTEER,Automobiles & Parts
868.HK,XINYI GLASS,Automobiles & Parts
2357.HK,AVICHINA INDUS-H,Automobiles & Parts
175.HK,GEELY AUTOMOBILE,Automobiles & Parts
2238.HK,GUANGZHOU AUTO-H,Automobiles & Parts
1958.HK,BAIC MOTOR-H,Automobiles & Parts
1114.HK,BRILLIANCE CHINA,Automobiles & Parts
489.HK,DONGFENG MOTOR-H,Automobiles & Parts
1211.HK,BYD CO LTD-H,Automobiles & Parts
2333.HK,GREAT WALL MOT-H,Automobiles & Parts
1111.HK,CHONG HING BANK,Banks
440.HK,DAH SING,Banks
1963.HK,BANK OF CHONGQ-H,Banks
2356.HK,DAHSING BANKING,Banks
6138.HK,HARBIN BANK-H,Banks
3698.HK,HUISHANG BANK-H,Banks
2066.HK,SHENGJINGBANK-H,Banks
3618.HK,CQRC BANK-H,Banks
23.HK,BANK EAST ASIA,Banks
11.HK,HANG SENG BANK,Banks
2388.HK,BOC HONG KONG HO,Banks
998.HK,CITIC BANK-H,Banks
3328.HK,BANKCOMM-H,Banks
3988.HK,BANK OF CHINA-H,Banks
939.HK,CCB-H,Banks
359.HK,CHINA HAISHENG,Beverages
236.HK,SAN MIGUEL BREWE,Beverages
8209.HK,MAJOR HOLDINGS,Beverages
2218.HK,YANTAI NORTH-H,Beverages
756.HK,CHI TIANYI HOLD,Beverages
124.HK,GUANGDONG LAND H,Beverages
1115.HK,TIBET 5100 WATER,Beverages
345.HK,VITASOY INTL HLD,Beverages
385.HK,CHINNEY ALLIANCE,Chemicals
1329.HK,JUDA INTERNATION,Chemicals
640.HK,INFINITY CHEMICA,Chemicals
3318.HK,CHINA FLAVOR FRA,Chemicals
2341.HK,ECOGREEN INTERNA,Chemicals
2121.HK,CHINA FIRST CHEM,Chemicals
609.HK,TIANDE CHEMICAL,Chemicals
2283.HK,TK GROUP HOLDING,Chemicals
509.HK,CENTURY SUNSHINE,Chemicals
2198.HK,CHINA SANJIANG F,Chemicals
2228.HK,CECEP COSTIN NEW,Chemicals
408.HK,YIP'S CHEMICAL,Chemicals
517.HK,COSCO INTERNATIO,Chemicals
189.HK,DONGYUE GROUP,Chemicals
2299.HK,BILLION IND HLDG,Chemicals
1888.HK,KB LAMINATES,Chemicals
546.HK,FUFENG GROUP LTD,Chemicals
2168.HK,YINGDE GASES GRP,Chemicals
297.HK,SINOFERT HOLDING,Chemicals
148.HK,KINGBOARD CHEM,Chemicals
3983.HK,CHINA BLUECHEM-H,Chemicals
336.HK,HUABAO INTL,Chemicals
8320.HK,C CHENG HOLDINGS,Construction & Materials
8191.HK,HONG WEI ASIA HO,Construction & Materials
1246.HK,NGAI SHUN HOLDIN,Construction & Materials
1372.HK,EXCEL DEVELOPMEN,Construction & Materials
262.HK,DESON DEV HLD,Construction & Materials
380.HK,CHINA PIPE GRP,Construction & Materials
240.HK,BUILD KING HOLD,Construction & Materials
498.HK,PYI CORP LTD,Construction & Materials
695.HK,DONGWU CEMENT,Construction & Materials
1041.HK,CHINA NEW ENERGY,Construction & Materials
15.HK,VANTAGE INTL,Construction & Materials
1240.HK,CNQC INT'L,Construction & Materials
701.HK,CNT GROUP LTD,Construction & Materials
896.HK,HANISON CONSTRUC,Construction & Materials
153.HK,CHINA SAITE GROU,Construction & Materials
366.HK,LUKS GRP VIET,Construction & Materials
1421.HK,KINGBO STRIKE LT,Construction & Materials
1103.HK,SHANGHAI TONVA-H,Construction & Materials
8099.HK,CHINA WOOD OPTIM,Construction & Materials
3300.HK,CHINA GLASS HLDG,Construction & Materials
8201.HK,PPS INTERNATIONA,Construction & Materials
803.HK,PROSPERITY INTL,Construction & Materials
871.HK,CHINA DREDGING E,Construction & Materials
711.HK,CHUN WO DEV,Construction & Materials
610.HK,WAI KEE HLDGS,Construction & Materials
687.HK,TYSAN HLDGS LTD,Construction & Materials
830.HK,FAR EAST GLOBAL,Construction & Materials
2355.HK,BAOYE GROUP CO-H,Construction & Materials
1271.HK,GRAND MING,Construction & Materials
1312.HK,ALLIED CEMENT HO,Construction & Materials
2789.HK,YUANDA CHINA HLD,Construction & Materials
3386.HK,DONGPENG HOLDING,Construction & Materials
25.HK,CHEVALIER INTL,Construction & Materials
404.HK,HSIN CHONG CONS,Construction & Materials
2233.HK,WEST CHINA CEMEN,Construction & Materials
1252.HK,CHINA TIANRUI GR,Construction & Materials
743.HK,ASIA CEMENT CH,Construction & Materials
1136.HK,TCC INTL HLDGS,Construction & Materials
691.HK,CHINA SHANSHUI,Construction & Materials
1313.HK,CHINA RES CEMENT,Construction & Materials
2386.HK,SINOPEC ENGINE-H,Construction & Materials
1829.HK,CHINA MACHINER-H,Construction & Materials
3323.HK,CHINA NATL BDG-H,Construction & Materials
3311.HK,CHINA STATE CONS,Construction & Materials
659.HK,NWS HOLDINGS,Construction & Materials
2009.HK,BBMG CORP-H,Construction & Materials
914.HK,ANHUI CONCH-H,Construction & Materials
1186.HK,CHINA RAIL CN-H,Construction & Materials
390.HK,CHINA RAIL GR-H,Construction & Materials
1800.HK,CHINA COM CONS-H,Construction & Materials
622.HK,ENERCHINA HOLDIN,Electricity
182.HK,CONCORD NE,Electricity
735.HK,C P NEW ENERGY,Electricity
956.HK,CHINA SUNTIEN-H,Electricity
579.HK,JNCEC-H,Electricity
2380.HK,CHINA POWER INTE,Electricity
816.HK,HUADIAN FUXIN -H,Electricity
836.HK,CHINA RES POWER,Electricity
902.HK,HUANENG POWER-H,Electricity
1038.HK,CKI HOLDINGS,Electricity
2.HK,CLP HOLDINGS,Electricity
6.HK,POWER ASSETS,Electricity
8092.HK,ITE HOLDINGS LTD,Electronic & Electrical Equipment
675.HK,K&P INTL HLDGS,Electronic & Electrical Equipment
725.HK,PERENNIAL INTL,Electronic & Electrical Equipment
1213.HK,MOBICON GROUP,Electronic & Electrical Equipment
8210.HK,ADVANCED CARD SY,Electronic & Electrical Equipment
1305.HK,WAI CHI HOLD,Electronic & Electrical Equipment
889.HK,DATRONIX HOLD,Electronic & Electrical Equipment
894.HK,MAN YUE TECHNOLO,Electronic & Electrical Equipment
532.HK,WONGS KONG KING,Electronic & Electrical Equipment
851.HK,SHENG YUAN HLDG,Electronic & Electrical Equipment
987.HK,CHINA RENEWABLE,Electronic & Electrical Equipment
2788.HK,YORKEY OPTICAL,Electronic & Electrical Equipment
1037.HK,DAIWA ASSOC HLDG,Electronic & Electrical Equipment
1184.HK,SAS DRAGON HLDG,Electronic & Electrical Equipment
259.HK,YEEBO INTL HLDG,Electronic & Electrical Equipment
842.HK,LEOCH INTERNATIO,Electronic & Electrical Equipment
759.HK,CEC INTL,Electronic & Electrical Equipment
1480.HK,YAN TAT GROUP,Electronic & Electrical Equipment
710.HK,VARITRONIX INTL,Electronic & Electrical Equipment
8311.HK,PERFECT OPTRONIC,Electronic & Electrical Equipment
1478.HK,Q TECHNOLOGY GRO,Electronic & Electrical Equipment
1300.HK,TRIGIANT GROUP,Electronic & Electrical Equipment
31.HK,CHINA AEROSPACE,Electronic & Electrical Equipment
256.HK,CITYCHAMP,Electronic & Electrical Equipment
3777.HK,CH FIBER OPTIC,Electronic & Electrical Equipment
3315.HK,GOLDPAC GROUP,Electronic & Electrical Equipment
382.HK,WELLING HOLDING,Electronic & Electrical Equipment
1366.HK,JIANGNAN GROUP,Electronic & Electrical Equipment
161.HK,AVIC IHL-H,Electronic & Electrical Equipment
1685.HK,BOER POWER HOLDI,Electronic & Electrical Equipment
3393.HK,WASION GROUP,Electronic & Electrical Equipment
732.HK,TRULY INTL HLDGS,Electronic & Electrical Equipment
2382.HK,SUNNY OPTICAL,Electronic & Electrical Equipment
179.HK,JOHNSON ELEC H,Electronic & Electrical Equipment
2018.HK,AAC TECHNOLOGIES,Electronic & Electrical Equipment
770.HK,SHANG INTL GR,Equity Investment Instruments
768.HK,UBA INVESTMENTS,Equity Investment Instruments
913.HK,UNITY INVESTMENT,Equity Investment Instruments
1140.HK,OP FIN INV,Equity Investment Instruments
666.HK,SHK HK INDUSTRIE,Equity Investment Instruments
1062.HK,CDB INT'L INV,Equity Investment Instruments
2324.HK,CAPITAL VC LTD,Financial Services
8215.HK,FIRST CREDIT FIN,Financial Services
8072.HK,ROMA GROUP LTD,Financial Services
1273.HK,HONG KONG FINANC,Financial Services
8193.HK,GRCHINA PROF SER,Financial Services
8098.HK,CL GROUP HOLDING,Financial Services
1019.HK,CONVOY FINANCIAL,Financial Services
8001.HK,ORIENT SECURITIE,Financial Services
952.HK,QUAM LTD,Financial Services
1319.HK,OI WAH PAWNSHOP,Financial Services
111.HK,CINDA INTERNATIO,Financial Services
172.HK,GOLDBOND GROUP H,Financial Services
3623.HK,CHINA SUCCESS FI,Financial Services
279.HK,FREEMAN FIN,Financial Services
1290.HK,CHINA HUIRONG FI,Financial Services
1669.HK,GIC GROUP,Financial Services
6866.HK,ZUOLI M-FIN-H,Financial Services
1260.HK,WONDERFUL SKY FI,Financial Services
717.HK,EMPEROR CAPITAL,Financial Services
212.HK,NANYANG HLDGS,Financial Services
273.HK,WILLIE INTERNATI,Financial Services
510.HK,CASH FINANCIAL S,Financial Services
64.HK,GET NICE HLDGS,Financial Services
133.HK,CHINA MERCHANTS,Financial Services
8056.HK,DIFFER GROUP HOL,Financial Services
227.HK,FIRST SHANGHAI,Financial Services
8123.HK,FIRST CHINA FINA,Financial Services
900.HK,AEON CREDIT SERV,Financial Services
171.HK,SILVER GRANT INT,Financial Services
1428.HK,BRIGHT SMART,Financial Services
376.HK,REORIENT GROUP,Financial Services
8077.HK,KVB KUNLUN FG,Financial Services
335.HK,UPBEST GROUP LTD,Financial Services
626.HK,PUBLIC FINANCIAL,Financial Services
208.HK,POLYTEC ASSET HO,Financial Services
218.HK,SHENYIN WANGUO,Financial Services
993.HK,SIMSEN INTERNATI,Financial Services
8207.HK,CREDIT CHINA HOL,Financial Services
109.HK,GOOD FELLOW RESO,Financial Services
373.HK,ALLIED GROUP LTD,Financial Services
56.HK,ALLIED PROP,Financial Services
665.HK,HAITONG INT'L,Financial Services
806.HK,VALUE PARTNERS,Financial Services
931.HK,CHINA LNG GROUP,Financial Services
86.HK,SUN HUNG KAI CO,Financial Services
1788.HK,GUOTAI JUNAN,Financial Services
3360.HK,FAR EAST HORIZON,Financial Services
53.HK,GUOCO GROUP LTD,Financial Services
165.HK,CHINA EVER LTD,Financial Services
6881.HK,CGS-H,Financial Services
1359.HK,CHINA CINDA-H,Financial Services
530.HK,GOLDIN FINANCIAL,Financial Services
388.HK,HKEX,Financial Services
1.HK,CKH HOLDINGS,Financial Services
8.HK,PCCW LTD,Fixed Line Telecommunications
6823.HK,HKT-SS,Fixed Line Telecommunications
728.HK,CHINA TELECOM-H,Fixed Line Telecommunications
221.HK,PNG RESOURCES HO,Food & Drug Retailers
401.HK,WANJIA GROUP,Food & Drug Retailers
602.HK,JIAHUA STORES HO,Food & Drug Retailers
8180.HK,NEW RAY MEDICINE,Food & Drug Retailers
814.HK,JINGKELONG-H,Food & Drug Retailers
1110.HK,KINGWORLD,Food & Drug Retailers
605.HK,CHINA FINANCIAL,Food & Drug Retailers
1011.HK,CHINA NT PHARMA,Food & Drug Retailers
831.HK,CONVENIENCE RET,Food & Drug Retailers
980.HK,LIANHUA-H,Food & Drug Retailers
1219.HK,TENWOW INTERNATI,Food & Drug Retailers
2211.HK,JINTIAN PHARMACE,Food & Drug Retailers
1345.HK,PIONEER PHARM,Food & Drug Retailers
1025.HK,WUMART-H,Food & Drug Retailers
60.HK,HONG KONG FOOD I,Food Producers
1340.HK,HUISHENG INTL,Food Producers
841.HK,ASIA CASSAVA,Food Producers
1262.HK,LABIXIAOXIN,Food Producers
141.HK,GREAT CHINA HLDG,Food Producers
677.HK,GOLDEN RES DEV,Food Producers
1699.HK,CHINA PUTIAN FOO,Food Producers
3838.HK,CHINA STARCH HLD,Food Producers
47.HK,HOP HING GROUP,Food Producers
2349.HK,CH CITY INFRA,Food Producers
411.HK,LAM SOON HONG KG,Food Producers
374.HK,FOUR SEAS MERCAN,Food Producers
1174.HK,PAC ANDES INTL,Food Producers
3332.HK,NANJING SINOLI-H,Food Producers
1717.HK,AUSNUTRIA,Food Producers
2010.HK,REAL NUTRICEUTIC,Food Producers
1006.HK,CHANGSHOUHUA FOO,Food Producers
2226.HK,HONWORLD,Food Producers
1431.HK,YUANSHENGTAI DAI,Food Producers
1068.HK,CHINA YURUN FOOD,Food Producers
829.HK,SHENGUAN HOLDING,Food Producers
1117.HK,CHINA MODERN DAI,Food Producers
1230.HK,YASHILI INT'L,Food Producers
1112.HK,BIOSTIME INTERNA,Food Producers
6863.HK,HUISHAN DAIRY,Food Producers
43.HK,CP POKPHAND,Food Producers
142.HK,FIRST PACIFIC,Food Producers
2319.HK,MENGNIU DAIRY,Food Producers
322.HK,TINGYI,Food Producers
151.HK,WANT WANT CHINA,Food Producers
794.HK,COME SURE GROUP,Forestry & Paper
731.HK,SAMSON PAPER HLD,Forestry & Paper
2320.HK,HOP FUNG HLDGS,Forestry & Paper
2268.HK,YOUYUAN,Forestry & Paper
1768.HK,BRACELL,Forestry & Paper
2314.HK,LEE & MAN PAPER,Forestry & Paper
2689.HK,NINE DRAGONS PAP,Forestry & Paper
1129.HK,CHINA WATER INDU,"Gas, Water & Multiutilities"
855.HK,CHINA WATER AFFA,"Gas, Water & Multiutilities"
3633.HK,ZHONGYU GAS HOLD,"Gas, Water & Multiutilities"
1600.HK,TIAN LUN GAS,"Gas, Water & Multiutilities"
882.HK,TIANJIN DEV HLDG,"Gas, Water & Multiutilities"
1083.HK,TOWNGAS CHINA,"Gas, Water & Multiutilities"
371.HK,BJ ENT WATER,"Gas, Water & Multiutilities"
2688.HK,ENN ENERGY,"Gas, Water & Multiutilities"
1193.HK,CHINA RES GAS,"Gas, Water & Multiutilities"
270.HK,GUANGDONG INVEST,"Gas, Water & Multiutilities"
3.HK,HONG KG CHINA GS,"Gas, Water & Multiutilities"
403.HK,STARLITE HLDGS,General Industrials
1106.HK,SINO HAIJING HOL,General Industrials
3363.HK,ZHENGYE INTL HLD,General Industrials
3816.HK,KFM KINGDOM HOLD,General Industrials
1439.HK,CHINA PACKAGING,General Industrials
252.HK,SOUTHEAST ASIA P,General Industrials
1689.HK,HUAXI HOLDINGS C,General Industrials
6898.HK,CHINA ALUMINUM C,General Industrials
1203.HK,GUANGNAN HLDGS,General Industrials
474.HK,HAO TIAN DEV,General Industrials
1222.HK,WANG ON GRP LTD,General Industrials
413.HK,SOUTH CHINA CHIN,General Industrials
1239.HK,JIN BAO BAO HOLD,General Industrials
3366.HK,OVERSEAS CHINESE,General Industrials
1335.HK,SHEEN TAI HOLDIN,General Industrials
716.HK,SINGAMAS CONTAIN,General Industrials
2300.HK,AMVIG HOLDINGS,General Industrials
906.HK,CPMC HOLDINGS,General Industrials
468.HK,GREATVIEW ASEPTI,General Industrials
363.HK,SHANG INDUS HLDG,General Industrials
392.HK,BEIJING ENT,General Industrials
19.HK,SWIRE PACIFIC-A,General Industrials
267.HK,CITIC,General Industrials
13.HK,HUTCHISON,General Industrials
1360.HK,MEGA EXPO HOLDIN,General Retailers
459.HK,MIDLAND IC&I,General Retailers
2288.HK,RYKADAN CAPITAL,General Retailers
919.HK,MODERN BEAUTY,General Retailers
398.HK,ORIENTAL WATCH,General Retailers
1161.HK,WATER OASIS,General Retailers
647.HK,JOYCE BOUTIQUE,General Retailers
128.HK,ENM HOLDINGS LTD,General Retailers
312.HK,SHIRBLE DEPARTME,General Retailers
592.HK,BOSSINI INTL,General Retailers
2213.HK,YI HUA DEPARTMEN,General Retailers
162.HK,CENTURY GINWA RE,General Retailers
1268.HK,CHINA MEIDONG AU,General Retailers
393.HK,GLORIOUS SUN ENT,General Retailers
887.HK,EMPEROR WATCH &,General Retailers
885.HK,FOREFRONT GROUP,General Retailers
589.HK,PORTS DESIGN LTD,General Retailers
1771.HK,SUNFONDA GROUP,General Retailers
2030.HK,CABBEEN FASHION,General Retailers
984.HK,AEON STORES HONG,General Retailers
1678.HK,CHINA CREATIVE H,General Retailers
891.HK,TRINITY LTD,General Retailers
1317.HK,MAPLELEAF EDU,General Retailers
999.HK,I.T LTD,General Retailers
825.HK,NEW WORLD DEPT C,General Retailers
1086.HK,GOODBABY INTERNA,General Retailers
6868.HK,TENFU HLDGS CO,General Retailers
3368.HK,PARKSON RETAIL,General Retailers
1968.HK,PEAK SPORT,General Retailers
342.HK,NEWOCEAN ENERGY,General Retailers
1700.HK,SPRINGLAND,General Retailers
3669.HK,CHINA YONGDA AUT,General Retailers
709.HK,GIORDANO INTL,General Retailers
3636.HK,POLY CULTURE-H,General Retailers
848.HK,MAOYE INTL HLDGS,General Retailers
3389.HK,HENGDELI,General Retailers
1828.HK,DAH CHONG HONG,General Retailers
289.HK,WING ON CO,General Retailers
1448.HK,FU SHOU YUAN INT,General Retailers
3818.HK,CHINA DONGXIANG,General Retailers
1728.HK,CHINA ZHENGTONG,General Retailers
811.HK,XINHUA WINSHAR-H,General Retailers
2098.HK,ZALL DEVELOPMENT,General Retailers
1293.HK,BAOXIN AUTO GROU,General Retailers
178.HK,SA SA INTL HLDGS,General Retailers
116.HK,CHOW SANG SANG,General Retailers
1833.HK,INTIME RETAIL GR,General Retailers
590.HK,LUK FOOK HLDGS I,General Retailers
330.HK,ESPRIT HLDGS,General Retailers
3308.HK,GOLDEN EAGLE RET,General Retailers
493.HK,GOME ELECTRICAL,General Retailers
1212.HK,LIFESTYLE INTL,General Retailers
973.HK,L'OCCITANE INTL,General Retailers
6808.HK,SUN ART RETAIL,General Retailers
1929.HK,CHOW TAI FOOK JE,General Retailers
8216.HK,BAMBOOS HEALTH,Health Care Equipment & Services
1858.HK,BEIJING CHUNLI-H,Health Care Equipment & Services
397.HK,JUNYANG SOLAR,Health Care Equipment & Services
1358.HK,PW MEDTECH GROUP,Health Care Equipment & Services
1515.HK,PHOENIXHEALTH,Health Care Equipment & Services
3886.HK,TOWN HEALTH,Health Care Equipment & Services
1066.HK,SHANDONG WEIG-H,Health Care Equipment & Services
8101.HK,JIA MENG HOLDING,Household Goods & Home Construction
943.HK,EFORCE HLDGS LTD,Household Goods & Home Construction
396.HK,HING LEE HK,Household Goods & Home Construction
8146.HK,MASTERCRAFT INTE,Household Goods & Home Construction
229.HK,RAYMOND INDL,Household Goods & Home Construction
146.HK,TAI PING CARPETS,Household Goods & Home Construction
2023.HK,CHINA LUDAO,Household Goods & Home Construction
114.HK,HERALD HLDG LTD,Household Goods & Home Construction
6822.HK,KING'S FLAIR INT,Household Goods & Home Construction
684.HK,ALLAN INTL.,Household Goods & Home Construction
406.HK,YAU LEE HLDG LTD,Household Goods & Home Construction
235.HK,CHINA STRATEGIC,Household Goods & Home Construction
1373.HK,IH RETAIL,Household Goods & Home Construction
496.HK,KASEN INTL HLDGS,Household Goods & Home Construction
1043.HK,COSLIGHT TECH,Household Goods & Home Construction
526.HK,LISI GROUP HOLDI,Household Goods & Home Construction
477.HK,AUPU GROUP HLDG,Household Goods & Home Construction
8125.HK,KATE CHINA HOLDI,Household Goods & Home Construction
1190.HK,BOLINA HOLDING,Household Goods & Home Construction
531.HK,SAMSON HLDG LTD,Household Goods & Home Construction
925.HK,BEIJING PROPERTI,Household Goods & Home Construction
3331.HK,VINDA INTL HLDGS,Household Goods & Home Construction
1999.HK,MAN WAH HOLDINGS,Household Goods & Home Construction
921.HK,HISENSE KELON -H,Household Goods & Home Construction
1910.HK,SAMSONITE INTL,Household Goods & Home Construction
669.HK,TECHTRONIC IND,Household Goods & Home Construction
1169.HK,HAIER ELECTRONIC,Household Goods & Home Construction
8115.HK,SHANGHAI QINGP-H,Industrial Engineering
387.HK,LEEPORT HOLDINGS,Industrial Engineering
365.HK,SUN EAST TECH,Industrial Engineering
679.HK,ASIA TELE-NET,Industrial Engineering
3628.HK,RENHENG ENTERPRI,Industrial Engineering
929.HK,IPE GROUP LTD,Industrial Engineering
2398.HK,GOOD FRIEND INTL,Industrial Engineering
1673.HK,HUAZHANG TECHNOL,Industrial Engineering
57.HK,CHEN HSONG HLDGS,Industrial Engineering
1322.HK,CW GROUP HOLD,Industrial Engineering
641.HK,CHTC FONG'S,Industrial Engineering
379.HK,PME GROUP LTD,Industrial Engineering
2345.HK,SHANGHAI PRIME-H,Industrial Engineering
319.HK,CHINA METAL INTE,Industrial Engineering
826.HK,TIANGONG INTL CO,Industrial Engineering
838.HK,EVA PRECISION,Industrial Engineering
2722.HK,CHONGQING M&E-H,Industrial Engineering
631.HK,SANY HEAVY EQUIP,Industrial Engineering
2068.HK,CHALIECO-H,Industrial Engineering
698.HK,TONGDA GROUP HLD,Industrial Engineering
1133.HK,HARBIN ELECTRI-H,Industrial Engineering
3339.HK,LONKING,Industrial Engineering
1122.HK,QINGLING MOTOR-H,Industrial Engineering
1893.HK,CHINA NATL MAT-H,Industrial Engineering
38.HK,FIRST TRACTOR-H,Industrial Engineering
3808.HK,SINOTRUK HK LTD,Industrial Engineering
2128.HK,CHINA LESSO,Industrial Engineering
3899.HK,CIMC ENRIC HLDG,Industrial Engineering
1882.HK,HAITIAN INTL,Industrial Engineering
3898.HK,ZHUZHOU CSR-H,Industrial Engineering
2338.HK,WEICHAI POWER-H,Industrial Engineering
505.HK,XINGYE COPPER,Industrial Metals & Mining
430.HK,ORIENTAL EXPLOR,Industrial Metals & Mining
1118.HK,GOLIK HLDGS LTD,Industrial Metals & Mining
263.HK,CH YUNNAN TIN,Industrial Metals & Mining
1001.HK,VAN SHUNG CHONG,Industrial Metals & Mining
2133.HK,CHINA POLYMETALL,Industrial Metals & Mining
637.HK,LEE KEE HOLDINGS,Industrial Metals & Mining
98.HK,XINGFA ALUMINIUM,Industrial Metals & Mining
255.HK,LUNG KEE HLDG,Industrial Metals & Mining
2112.HK,CAA RESOURCES LT,Industrial Metals & Mining
1266.HK,XIWANG SPECIAL S,Industrial Metals & Mining
1090.HK,DA MING INTERNAT,Industrial Metals & Mining
3833.HK,XINXIN MINING-H,Industrial Metals & Mining
3788.HK,CHINA HANKING,Industrial Metals & Mining
1370.HK,HENGSHI MINING,Industrial Metals & Mining
1636.HK,CMRU,Industrial Metals & Mining
1208.HK,MMG,Industrial Metals & Mining
1333.HK,CHINA ZHONGWANG,Industrial Metals & Mining
1053.HK,CHONGQING IRON-H,Industrial Metals & Mining
1378.HK,CHINA HONGQIAO,Industrial Metals & Mining
486.HK,UNITED CO RUSAL,Industrial Metals & Mining
358.HK,JIANGXI COPPER-H,Industrial Metals & Mining
656.HK,FOSUN INTL,Industrial Metals & Mining
8233.HK,CIG YANGTZE PT,Industrial Transportation
8025.HK,ACR HOLDINGS,Industrial Transportation
8348.HK,TIANJIN BINHAI-H,Industrial Transportation
1803.HK,ASR LOGISTICS,Industrial Transportation
935.HK,DRAGON CROWN GRO,Industrial Transportation
8068.HK,NEW UNIVERSE INT,Industrial Transportation
1292.HK,CHANGAN MINSHE-H,Industrial Transportation
560.HK,CHU KONG SHIPPIN,Industrial Transportation
3399.HK,YUEYUN TRANS-H,Industrial Transportation
357.HK,HNA INFRA,Industrial Transportation
3378.HK,XIAMEN PORT-H,Industrial Transportation
1052.HK,YUEXIU TRANSPORT,Industrial Transportation
3382.HK,TIANJIN PORT DEV,Industrial Transportation
1308.HK,SITC,Industrial Transportation
737.HK,HOPEWELL INFR,Industrial Transportation
995.HK,ANHUI EXPRESS-H,Industrial Transportation
44.HK,HONG KG AIRCRAFT,Industrial Transportation
636.HK,KERRY LOGISTICS,Industrial Transportation
107.HK,SICHUAN EXP-H,Industrial Transportation
1668.HK,CHINA SOUTH,Industrial Transportation
598.HK,SINOTRANS LTD-H,Industrial Transportation
3369.HK,QHD PORT-H,Industrial Transportation
152.HK,SHENZ INTL HLDG,Industrial Transportation
1199.HK,COSCO PAC LTD,Industrial Transportation
316.HK,ORIENT OVERSEAS,Industrial Transportation
2880.HK,DALIAN PORT PD-H,Industrial Transportation
694.HK,BEIJING CAP AI-H,Industrial Transportation
576.HK,ZHEJIANGEXPRE-H,Industrial Transportation
177.HK,JIANGSU EXPRES-H,Industrial Transportation
144.HK,CHINA MER HOLD,Industrial Transportation
1919.HK,CHINA COSCO HO-H,Industrial Transportation
765.HK,PERFECTECH INTL,Leisure Goods
2728.HK,SHINHINT ACOUSTI,Leisure Goods
361.HK,SINO GOLF HLDGS,Leisure Goods
638.HK,KIN YAT HOLDINGS,Leisure Goods
1123.HK,CHINA HK PHOTO P,Leisure Goods
912.HK,SUGA INTL HLDGS,Leisure Goods
1126.HK,DREAM INTL LTD,Leisure Goods
180.HK,KADER HLDGS CO,Leisure Goods
1237.HK,MERRY GARDEN HOL,Leisure Goods
328.HK,ALCO HOLDINGS,Leisure Goods
6880.HK,TEMPUS HOLD,Leisure Goods
1348.HK,QUALI-SMART HOLD,Leisure Goods
1249.HK,TONLY ELECTRONIC,Leisure Goods
1005.HK,MATRIX HLDGS LTD,Leisure Goods
635.HK,PLAYMATES HOLDIN,Leisure Goods
869.HK,PLAYMATES TOY,Leisure Goods
8016.HK,CHANGHONG JIAHUA,Leisure Goods
1022.HK,FEIYU,Leisure Goods
136.HK,MASCOTTE HLDGS,Leisure Goods
348.HK,HAIERHEALTHWISE,Leisure Goods
434.HK,BOYAA INTERACTIV,Leisure Goods
978.HK,CHINA MERCHANTS,Leisure Goods
2393.HK,YESTAR INTERNATI,Leisure Goods
8002.HK,IGG,Leisure Goods
777.HK,NETDRAGON WEBS,Leisure Goods
751.HK,SKYWORTH DIGITAL,Leisure Goods
3888.HK,KINGSOFT CORP,Leisure Goods
566.HK,HANERGY TFP,Leisure Goods
966.HK,CHINA TAIPING IN,Life Insurance
1299.HK,AIA,Life Insurance
2318.HK,PING AN-H,Life Insurance
2628.HK,CHINA LIFE-H,Life Insurance
426.HK,ONE MEDIA GROUP,Media
8243.HK,DAHE MEDIA CO-H,Media
730.HK,SHOUGANG GRAND,Media
550.HK,CINMEDIA,Media
8271.HK,GLOBAL DIGITAL C,Media
72.HK,MODERN MEDIA,Media
423.HK,HK ECONOMIC TIME,Media
8219.HK,BRANDING CHINA,Media
888.HK,ROADSHOW HLDGS,Media
1105.HK,SING TAO NEWS CO,Media
571.HK,ESUN HOLDINGS,Media
1000.HK,BEIJING MEDIA -H,Media
800.HK,A8 NEW MEDIA,Media
1132.HK,ORANGE SKY GOLDE,Media
1566.HK,CHINA ANIMATION,Media
282.HK,NEXT MEDIA LTD,Media
326.HK,CHINA STAR LTD,Media
18.HK,ORIENTAL PRESS G,Media
752.HK,PICO FAR EAST,Media
623.HK,SINOMEDIA HLDG,Media
685.HK,MEDIA CHINESE,Media
100.HK,CLEAR MEDIA,Media
2280.HK,HC INTERNATIONAL,Media
1661.HK,WISDOM HOLDINGS,Media
2008.HK,PHOENIX SATELLIT,Media
511.HK,TVB,Media
1733.HK,WINSWAY ENTERPRI,Mining
3939.HK,WANGUO INTERNATI,Mining
3313.HK,ARTGO MINING HOL,Mining
340.HK,CHINA MINING RES,Mining
1091.HK,CITIC DAMENG HOL,Mining
815.HK,CHINA SILVER GRO,Mining
1277.HK,KINETIC MINES AN,Mining
1051.HK,G-RESOURCES GROU,Mining
1258.HK,CHINA NONFERROUS,Mining
1818.HK,ZHAOJIN MINING-H,Mining
1171.HK,YANZHOU COAL-H,Mining
3993.HK,CMOC-H,Mining
1898.HK,CHINA COAL ENE-H,Mining
2899.HK,ZIJIN MINING-H,Mining
1088.HK,CHINA SHENHUA-H,Mining
8145.HK,TSO,Mobile Telecommunications
1155.HK,CENTRON TELECOM,Mobile Telecommunications
1883.HK,CITIC TELECOM,Mobile Telecommunications
315.HK,SMARTONE TELECOM,Mobile Telecommunications
215.HK,HUTCHTEL HK,Mobile Telecommunications
762.HK,CHINA UNICOM,Mobile Telecommunications
941.HK,CHINA MOBILE,Mobile Telecommunications
80.HK,CNEWECON FUND,Nonequity Investment Instruments
222.HK,MIN XIN HLDGS,Nonlife Insurance
6161.HK,TARGET INS,Nonlife Insurance
662.HK,ASIA FINAN HLDGS,Nonlife Insurance
1339.HK,PICC GROUP-H,Nonlife Insurance
2328.HK,PICC P&C-H,Nonlife Insurance
1251.HK,SPT ENERGY GROUP,Oil & Gas Producers
1555.HK,MIE HOLDINGS COR,Oil & Gas Producers
467.HK,UNITED ENERGY GP,Oil & Gas Producers
933.HK,BRIGHTOIL PETRO,Oil & Gas Producers
135.HK,KUNLUN ENERGY,Oil & Gas Producers
883.HK,CNOOC,Oil & Gas Producers
386.HK,SINOPEC CORP-H,Oil & Gas Producers
857.HK,PETROCHINA-H,Oil & Gas Producers
3303.HK,JUTAL OFFSHORE,"Oil Equipment, Services & Distribution"
681.HK,CHI PEOPLE HOLD,"Oil Equipment, Services & Distribution"
206.HK,TSC GROUP HOLDIN,"Oil Equipment, Services & Distribution"
839.HK,ANHUI TIANDA - H,"Oil Equipment, Services & Distribution"
1265.HK,TIANJIN JINRAN-H,"Oil Equipment, Services & Distribution"
196.HK,HONGHUA GROUP,"Oil Equipment, Services & Distribution"
1623.HK,HILONG HOLDING,"Oil Equipment, Services & Distribution"
2886.HK,BINHAI INVESTMEN,"Oil Equipment, Services & Distribution"
603.HK,CHINA OIL AND GA,"Oil Equipment, Services & Distribution"
2236.HK,WISON ENGINEERIN,"Oil Equipment, Services & Distribution"
568.HK,SHANDONG MOLON-H,"Oil Equipment, Services & Distribution"
934.HK,SINOPEC KANTONS,"Oil Equipment, Services & Distribution"
384.HK,CHINA GAS HOLDIN,"Oil Equipment, Services & Distribution"
2883.HK,CHINA OILFIELD-H,"Oil Equipment, Services & Distribution"
2011.HK,KEE HOLDINGS,Personal Goods
1255.HK,S CULTURE,Personal Goods
540.HK,SPEEDY GLOBAL HO,Personal Goods
844.HK,GRAND CONCORD,Personal Goods
1058.HK,GUANGDONG TANNER,Personal Goods
6838.HK,WINOX HOLDINGS,Personal Goods
1488.HK,LEE & MAN HANDBA,Personal Goods
1100.HK,MAINLAND HEADWEA,Personal Goods
48.HK,C AUTO INT DECO,Personal Goods
333.HK,TOP FORM INTL,Personal Goods
8309.HK,RUNWAY GLOBAL HO,Personal Goods
2307.HK,KAM HING INTERNA,Personal Goods
130.HK,MOISELLE INTERN,Personal Goods
1327.HK,TIME2U,Personal Goods
1468.HK,UKF HOLDINGS LTD,Personal Goods
417.HK,TSE SUI LUEN,Personal Goods
3828.HK,MING FAI INTL,Personal Goods
1173.HK,VEEKO INTL HLDGS,Personal Goods
125.HK,SUN HING VISION,Personal Goods
3608.HK,YONGSHENG ADVANC,Personal Goods
458.HK,TRISTATE HLDGS,Personal Goods
627.HK,U-RIGHT INTL HLD,Personal Goods
608.HK,HIGH FASHION INT,Personal Goods
1616.HK,SILVERMAN HOLDIN,Personal Goods
1247.HK,MIKO INTERNATION,Personal Goods
676.HK,PEGASUS INTL HLD,Personal Goods
1170.HK,KINGMAKER FOOT,Personal Goods
528.HK,KINGDOM HLDG LTD,Personal Goods
2368.HK,EAGLE NICE INTL,Personal Goods
938.HK,MAN SANG INTL,Personal Goods
211.HK,STYLAND HLDGS,Personal Goods
213.HK,NATL ELEC HLDGS,Personal Goods
2223.HK,CASABLANCA GROUP,Personal Goods
873.HK,CHINA TAIFENG BE,Personal Goods
837.HK,CARPENTER TAN,Personal Goods
483.HK,BAUHAUS INTL HLD,Personal Goods
420.HK,FOUNTAIN SET HLD,Personal Goods
239.HK,PAK FAH YEOW INT,Personal Goods
122.HK,CROCODILE GARMEN,Personal Goods
3322.HK,WIN HANVERKY,Personal Goods
157.HK,NATURAL BEAUTY,Personal Goods
311.HK,LUEN THAI HLDGS,Personal Goods
1259.HK,CHINA CHILD CARE,Personal Goods
1388.HK,EMBRY HOLDINGS,Personal Goods
2668.HK,PAK TAK INTERNAT,Personal Goods
1682.HK,HIGHLIGHT IOT,Personal Goods
1027.HK,JC UMBRELLA,Personal Goods
738.HK,LE SAUNDA,Personal Goods
84.HK,STELUX HLDG INTL,Personal Goods
375.HK,YGM TRADING,Personal Goods
2033.HK,TIME WATCH,Personal Goods
539.HK,VICTORY CITY INT,Personal Goods
1131.HK,AGRITRADE RESOUR,Personal Goods
653.HK,BONJOUR HLDGS,Personal Goods
1146.HK,CHINA OUTFITTERS,Personal Goods
746.HK,L & M CHEMICAL,Personal Goods
533.HK,GOLDLION HLDG,Personal Goods
210.HK,DAPHNE INTERNATI,Personal Goods
1361.HK,361 DEGREES,Personal Goods
1028.HK,C.BANNER,Personal Goods
1023.HK,SITOY GROUP HOLD,Personal Goods
2698.HK,WEIQIAO TEXTI-H,Personal Goods
2200.HK,HOSA INTL LTD,Personal Goods
1368.HK,XTEP INTL,Personal Goods
444.HK,SINCEREWATCH HK,Personal Goods
369.HK,WING TAI PROPERT,Personal Goods
3998.HK,BOSIDENG INTL,Personal Goods
1234.HK,CHINA LILANG LTD,Personal Goods
2678.HK,TEXHONG TEXTILE,Personal Goods
1819.HK,FUGUINIAO-H,Personal Goods
321.HK,TEXWINCA HLDG,Personal Goods
1836.HK,STELLA INTERNATI,Personal Goods
1382.HK,PACIFIC TEXTILE,Personal Goods
2020.HK,ANTA SPORTS PROD,Personal Goods
551.HK,YUE YUEN IND,Personal Goods
2313.HK,SHENZHOU INTL GP,Personal Goods
494.HK,LI & FUNG LTD,Personal Goods
1044.HK,HENGAN INTL,Personal Goods
1913.HK,PRADA,Personal Goods
8225.HK,C HEALTH GP,Pharmaceuticals & Biotechnology
8247.HK,BIOSINO BIO-H,Pharmaceuticals & Biotechnology
897.HK,WAI YUEN TONG ME,Pharmaceuticals & Biotechnology
858.HK,EXTRAWELL PHARM,Pharmaceuticals & Biotechnology
1035.HK,BBI LIFE SCIENCE,Pharmaceuticals & Biotechnology
8189.HK,TIANJIN TEDA-H,Pharmaceuticals & Biotechnology
503.HK,LANSEN PHARMACEU,Pharmaceuticals & Biotechnology
8329.HK,SHENZHEN NEPTU-H,Pharmaceuticals & Biotechnology
1164.HK,CGN MINING,Pharmaceuticals & Biotechnology
1061.HK,ESSEX BIO-TECH,Pharmaceuticals & Biotechnology
8049.HK,JILIN PROVINCE-H,Pharmaceuticals & Biotechnology
512.HK,CHINA GRAND PHAR,Pharmaceuticals & Biotechnology
2348.HK,DAWNRAYS PHARMAC,Pharmaceuticals & Biotechnology
963.HK,BLOOMAGE BIOTE,Pharmaceuticals & Biotechnology
1681.HK,CONSUN PHARMACEU,Pharmaceuticals & Biotechnology
950.HK,LEE'S PHARM,Pharmaceuticals & Biotechnology
3933.HK,THE UNITED LABOR,Pharmaceuticals & Biotechnology
1349.HK,SHANGHAI FUDAN-H,Pharmaceuticals & Biotechnology
775.HK,CK LIFE SCIENCES,Pharmaceuticals & Biotechnology
8058.HK,LUOXIN PHARMA-H,Pharmaceuticals & Biotechnology
2877.HK,CHINA SHINEWAY,Pharmaceuticals & Biotechnology
587.HK,HUA HAN BIO-PHAR,Pharmaceuticals & Biotechnology
8138.HK,TONGRENTANGCM,Pharmaceuticals & Biotechnology
940.HK,C ANIMAL HEALTH,Pharmaceuticals & Biotechnology
2005.HK,LIJUN INT'L,Pharmaceuticals & Biotechnology
570.HK,TRAD CHI MED,Pharmaceuticals & Biotechnology
1666.HK,TONG REN TANG-H,Pharmaceuticals & Biotechnology
867.HK,CHINA MEDICAL SY,Pharmaceuticals & Biotechnology
1177.HK,SINO BIOPHARM,Pharmaceuticals & Biotechnology
1093.HK,CSPC PHARMACEUTI,Pharmaceuticals & Biotechnology
460.HK,SIHUAN PHARM,Pharmaceuticals & Biotechnology
874.HK,BAIYUNSHAN PH-H,Pharmaceuticals & Biotechnology
1099.HK,SINOPHARM-H,Pharmaceuticals & Biotechnology
1064.HK,ZHONG HUA INTL,Real Estate Investment & Services
287.HK,WINFAIR INVESTME,Real Estate Investment & Services
22.HK,MEXAN LTD,Real Estate Investment & Services
495.HK,PALADIN LTD,Real Estate Investment & Services
864.HK,WING LEE PROPERT,Real Estate Investment & Services
8181.HK,KONGSHUMUNION,Real Estate Investment & Services
29.HK,DYNAMIC HLDG.,Real Estate Investment & Services
216.HK,CHINNEY INVESTMT,Real Estate Investment & Services
298.HK,CHUANG'S CHINA,Real Estate Investment & Services
278.HK,WAH HA REALTY CO,Real Estate Investment & Services
1663.HK,SINO HARBOUR,Real Estate Investment & Services
456.HK,NEW CITY DEV,Real Estate Investment & Services
183.HK,RICHFIELD GROUP,Real Estate Investment & Services
281.HK,RIVERA HLDG,Real Estate Investment & Services
747.HK,SHENYANG PUB-H,Real Estate Investment & Services
89.HK,TAI SANG LAND DE,Real Estate Investment & Services
1281.HK,KAI SHI CHINA HO,Real Estate Investment & Services
219.HK,SHUN HO TECH HLD,Real Estate Investment & Services
225.HK,POKFULAM DEV CO,Real Estate Investment & Services
1232.HK,GW TIANDI HLDS,Real Estate Investment & Services
859.HK,HENRY GROUP HOLD,Real Estate Investment & Services
214.HK,ASIA ORIENT,Real Estate Investment & Services
898.HK,MULTIFIELD INTL,Real Estate Investment & Services
224.HK,PIONEER GLOBAL,Real Estate Investment & Services
93.HK,TERMBRAY INDUS,Real Estate Investment & Services
286.HK,COMMON SPLENDOR,Real Estate Investment & Services
733.HK,HOPEFLUENT GROUP,Real Estate Investment & Services
1215.HK,KAI YUAN HOLDING,Real Estate Investment & Services
237.HK,SAFETY GODOWN CO,Real Estate Investment & Services
367.HK,CHUANGS CONSORT,Real Estate Investment & Services
277.HK,TERN PROPERTIES,Real Estate Investment & Services
1036.HK,VANKE PROPERTY,Real Estate Investment & Services
191.HK,LAI SUN GARMENT,Real Estate Investment & Services
160.HK,HON KWOK LAND IN,Real Estate Investment & Services
1107.HK,MODERN LAND,Real Estate Investment & Services
672.HK,ZHONG AN REAL,Real Estate Investment & Services
106.HK,LANDSEA GREEN PR,Real Estate Investment & Services
75.HK,YT REALTY GROUP,Real Estate Investment & Services
1168.HK,SINOLINK WORLD,Real Estate Investment & Services
271.HK,DAN FORM HOLD,Real Estate Investment & Services
129.HK,ASIA STANDARD IN,Real Estate Investment & Services
1838.HK,CHINA PROPERTIES,Real Estate Investment & Services
1125.HK,LAI FUNG HLDGS,Real Estate Investment & Services
1200.HK,MIDLAND HOLDINGS,Real Estate Investment & Services
184.HK,KECK SENG INVEST,Real Estate Investment & Services
798.HK,OPTICS VALLEY UN,Real Estate Investment & Services
3688.HK,TOP SPRING INTL,Real Estate Investment & Services
258.HK,TOMSON GROUP LTD,Real Estate Investment & Services
497.HK,CSI PROPERTIES,Real Estate Investment & Services
617.HK,PALIBURG HLDGS,Real Estate Investment & Services
230.HK,MINMETALS LAND,Real Estate Investment & Services
199.HK,ITC PROPERTIES G,Real Estate Investment & Services
131.HK,CHEUK NANG HLDGS,Real Estate Investment & Services
158.HK,MELBOURNE ENTERP,Real Estate Investment & Services
488.HK,LAI SUN DEV,Real Estate Investment & Services
2118.HK,TIAN SHAN DEVE,Real Estate Investment & Services
50.HK,HONG KG FERR,Real Estate Investment & Services
878.HK,SOUNDWILL HLDGS,Real Estate Investment & Services
1224.HK,C C LAND HOLDING,Real Estate Investment & Services
1862.HK,JINGRUI HOLDINGS,Real Estate Investment & Services
3883.HK,CHINA AOYUAN PRO,Real Estate Investment & Services
26.HK,CHINA MOTOR BUS,Real Estate Investment & Services
88.HK,TAI CHEUNG HLDGS,Real Estate Investment & Services
251.HK,SEA HOLDINGS,Real Estate Investment & Services
266.HK,TIAN TECK LAND,Real Estate Investment & Services
1966.HK,CHINA SCE PROPER,Real Estate Investment & Services
832.HK,CENTRAL CHINA,Real Estate Investment & Services
1098.HK,ROAD KING INFRAS,Real Estate Investment & Services
1238.HK,POWERLONG REAL,Real Estate Investment & Services
480.HK,HKR INTL LTD,Real Estate Investment & Services
1233.HK,TIMES PROPERTY H,Real Estate Investment & Services
1777.HK,FANTASIA HOLDING,Real Estate Investment & Services
1396.HK,HYDOO INTERNATIO,Real Estate Investment & Services
35.HK,FE CONSORT INTL,Real Estate Investment & Services
1030.HK,FUTURE LAND DEVE,Real Estate Investment & Services
1369.HK,WUZHOU INTERNATI,Real Estate Investment & Services
1622.HK,REDCO PROPERTIES,Real Estate Investment & Services
2608.HK,SUNSHINE 100 CHI,Real Estate Investment & Services
1628.HK,YUZHOU PROPERTIE,Real Estate Investment & Services
163.HK,EMPEROR INTL,Real Estate Investment & Services
28.HK,TIAN AN CHINA IN,Real Estate Investment & Services
337.HK,GREENLAND HONG K,Real Estate Investment & Services
1638.HK,KAISA GROUP,Real Estate Investment & Services
1176.HK,ZHUGUANG HOLDING,Real Estate Investment & Services
81.HK,CHINA OVERSEAS G,Real Estate Investment & Services
715.HK,CHINA OCEANWIDE,Real Estate Investment & Services
2868.HK,BJ CAPITAL LAN-H,Real Estate Investment & Services
34.HK,KOWLOON DVLP CO,Real Estate Investment & Services
884.HK,CIFI HOLDINGS GR,Real Estate Investment & Services
173.HK,K WAH INTL HLDGS,Real Estate Investment & Services
3380.HK,LOGAN PPT,Real Estate Investment & Services
754.HK,HOPSON DEV,Real Estate Investment & Services
119.HK,POLY PROPERTY,Real Estate Investment & Services
295.HK,KONG SUN HLDGS,Real Estate Investment & Services
3900.HK,GREENTOWN CHINA,Real Estate Investment & Services
412.HK,HERITAGE INTL,Real Estate Investment & Services
272.HK,SHUI ON LAND,Real Estate Investment & Services
846.HK,MINGFA GROUP INT,Real Estate Investment & Services
1813.HK,KWG PROPERTY,Real Estate Investment & Services
3383.HK,AGILE PROPERTY,Real Estate Investment & Services
123.HK,YUEXIU PROPERTY,Real Estate Investment & Services
604.HK,SHENZHEN INVEST,Real Estate Investment & Services
207.HK,JOY CITY PPT,Real Estate Investment & Services
588.HK,BEIJING NORTH-H,Real Estate Investment & Services
817.HK,FRANSHION PPT,Real Estate Investment & Services
1918.HK,SUNAC,Real Estate Investment & Services
54.HK,HOPEWELL HLDGS,Real Estate Investment & Services
2777.HK,GUANGZHOU R&F -H,Real Estate Investment & Services
410.HK,SOHO CHINA,Real Estate Investment & Services
247.HK,TSIM SHA TSUI,Real Estate Investment & Services
3377.HK,SINO OCEAN LAND,Real Estate Investment & Services
14.HK,HYSAN DEV,Real Estate Investment & Services
683.HK,KERRY PPT,Real Estate Investment & Services
917.HK,NEW WORLD CHINA,Real Estate Investment & Services
127.HK,CHINESE ESTATES,Real Estate Investment & Services
283.HK,GOLDIN PROPERTIE,Real Estate Investment & Services
10.HK,HANG LUNG GROUP,Real Estate Investment & Services
3333.HK,EVERGRANDE,Real Estate Investment & Services
813.HK,SHIMAO PROPERTY,Real Estate Investment & Services
2007.HK,COUNTRY GARDEN,Real Estate Investment & Services
960.HK,LONGFOR PPT,Real Estate Investment & Services
83.HK,SINO LAND,Real Estate Investment & Services
20.HK,WHEELOCK & CO,Real Estate Investment & Services
17.HK,NEW WORLD DEV,Real Estate Investment & Services
101.HK,HANG LUNG PPT,Real Estate Investment & Services
1109.HK,CHINA RES LAND,Real Estate Investment & Services
1972.HK,SWIREPROPERTIES,Real Estate Investment & Services
4.HK,WHARF HLDG,Real Estate Investment & Services
12.HK,HENDERSON LAND D,Real Estate Investment & Services
688.HK,CHINA OVERSEAS,Real Estate Investment & Services
16.HK,SHK PPT,Real Estate Investment & Services
808.HK,PROSPERITY REIT,Real Estate Investment Trusts
1426.HK,SPRING REAL ESTA,Real Estate Investment Trusts
435.HK,SUNLIGHT REIT,Real Estate Investment Trusts
1881.HK,REGAL REAL ESTAT,Real Estate Investment Trusts
1270.HK,LANGHAM -SS,Real Estate Investment Trusts
405.HK,YUEXIU REIT,Real Estate Investment Trusts
778.HK,FORTUNE REIT,Real Estate Investment Trusts
87001.HK,HUI XIAN REIT,Real Estate Investment Trusts
2778.HK,CHAMPION REIT,Real Estate Investment Trusts
823.HK,LINK REIT,Real Estate Investment Trusts
8131.HK,ABC MULTIACTIVE,Software & Computer Services
8033.HK,VODATEL NETWORKS,Software & Computer Services
465.HK,FUTONG TECHNOLOG,Software & Computer Services
771.HK,AUTOMATED SYS,Software & Computer Services
418.HK,FOUNDER HOLDINGS,Software & Computer Services
8175.HK,CHINA DIGITAL CU,Software & Computer Services
46.HK,COMPUTER & TECH,Software & Computer Services
8255.HK,CHINA BINARY SAL,Software & Computer Services
8095.HK,BEIDA JADE BIR-H,Software & Computer Services
1026.HK,UNIVERSAL TECHNO,Software & Computer Services
8006.HK,SINO SPLENDID,Software & Computer Services
1075.HK,CAPINFO CO LTD-H,Software & Computer Services
543.HK,PACIFIC ONLINE,Software & Computer Services
1236.HK,NATIONAL AGRI,Software & Computer Services
1297.HK,SINOSOFT TECHNOL,Software & Computer Services
8008.HK,SUNEVISION HLDGS,Software & Computer Services
818.HK,HI SUN TECHNOLOG,Software & Computer Services
268.HK,KINGDEE INTL SFT,Software & Computer Services
696.HK,TRAVELSKY TECH-H,Software & Computer Services
700.HK,TENCENT,Software & Computer Services
8265.HK,POWERWELL PACIFI,Support Services
599.HK,E BON HLDGS LTD,Support Services
8235.HK,CCID CONSULTIN-H,Support Services
8031.HK,ETS GROUP LTD,Support Services
2340.HK,SYNERGIS HOLDING,Support Services
1884.HK,EPRINT GROUP LTD,Support Services
1127.HK,1010 PRINTING GR,Support Services
569.HK,CHINA AUTOMATION,Support Services
450.HK,HUNG HING PRINT,Support Services
536.HK,TRADELINK ELECTR,Support Services
6888.HK,FREETECH ROAD RE,Support Services
915.HK,LINMARK GROUP,Support Services
445.HK,CHINA FIRE SAFET,Support Services
1191.HK,YUESHOU ENV,Support Services
377.HK,HUAJUN HOLD,Support Services
1390.HK,ECONTEXT ASIA,Support Services
1008.HK,BRILLIANT CIRCLE,Support Services
982.HK,IONE HOLDINGS,Support Services
1522.HK,CHINA CITY RAILW,Support Services
1206.HK,TECHNOVATOR,Support Services
32.HK,CROSS-HAR HLDGS,Support Services
1328.HK,INTL ELITE LTD,Support Services
1381.HK,CANVEST ENV,Support Services
1205.HK,CITIC RESOURCES,Support Services
967.HK,SOUND GLOBAL LTD,Support Services
1363.HK,CT ENVIRONMENTAL,Support Services
257.HK,CHINA EVERBR INT,Support Services
8159.HK,GLORY MARK LTD,Technology Hardware & Equipment
1079.HK,PINE TECHNOLOGY,Technology Hardware & Equipment
1143.HK,TELEFIELD INTERN,Technology Hardware & Equipment
8036.HK,GOLDENMARS TECHN,Technology Hardware & Equipment
1010.HK,PACMOS TECH HLDG,Technology Hardware & Equipment
1263.HK,PC PARTNER GROUP,Technology Hardware & Equipment
1050.HK,KARRIE INTL HLDG,Technology Hardware & Equipment
138.HK,CCT FORTIS HOLDI,Technology Hardware & Equipment
2371.HK,CHINA CHUANGLIAN,Technology Hardware & Equipment
92.HK,CHAMPION TECH,Technology Hardware & Equipment
3355.HK,ADVANCED SEMIC-H,Technology Hardware & Equipment
529.HK,SIS INTL.,Technology Hardware & Equipment
8236.HK,POWERLEADER SC-H,Technology Hardware & Equipment
1399.HK,SCUD GROUP LTD,Technology Hardware & Equipment
2028.HK,JOLIMARK HLDGS,Technology Hardware & Equipment
99.HK,WONGS INTL HLDGS,Technology Hardware & Equipment
2308.HK,EVOC INTELLIG-H,Technology Hardware & Equipment
877.HK,O-NET COMMUNICAT,Technology Hardware & Equipment
947.HK,MOBI DEVELOPMENT,Technology Hardware & Equipment
596.HK,INSPUR INTERNATI,Technology Hardware & Equipment
6168.HK,CHINA U-TON HOLD,Technology Hardware & Equipment
1639.HK,AKM INDUSTRIAL C,Technology Hardware & Equipment
1613.HK,SYNERTONE COMMUN,Technology Hardware & Equipment
1185.HK,CHINA ENERGINE,Technology Hardware & Equipment
903.HK,TPV TECHNOLOGY,Technology Hardware & Equipment
1385.HK,SHANGHAI FUDAN-H,Technology Hardware & Equipment
856.HK,VST HOLDINGS LTD,Technology Hardware & Equipment
6869.HK,YOFC-H,Technology Hardware & Equipment
633.HK,CH ALL ACCESS,Technology Hardware & Equipment
85.HK,CHINA ELECTRONIC,Technology Hardware & Equipment
3336.HK,JU TENG INTL HDG,Technology Hardware & Equipment
1045.HK,APT SATELLITE HL,Technology Hardware & Equipment
2369.HK,COOLPAD,Technology Hardware & Equipment
8005.HK,YUXING INFOTECH,Technology Hardware & Equipment
327.HK,PAX GLOBAL TECHN,Technology Hardware & Equipment
861.HK,DIGITAL CHINA,Technology Hardware & Equipment
2618.HK,TCL COMM TECH HL,Technology Hardware & Equipment
1135.HK,ASIA SATELLITE,Technology Hardware & Equipment
285.HK,BYD ELECTRONIC,Technology Hardware & Equipment
552.HK,CHINA COMM SER-H,Technology Hardware & Equipment
303.HK,VTECH HLDGS LTD,Technology Hardware & Equipment
981.HK,SMIC,Technology Hardware & Equipment
2038.HK,FIH MOBILE LTD,Technology Hardware & Equipment
522.HK,ASM PACIFIC,Technology Hardware & Equipment
992.HK,LENOVO GROUP,Technology Hardware & Equipment
1250.HK,JIN CAI HOLDINGS,Tobacco
79.HK,CENTURY LEGEND,Travel & Leisure
959.HK,AMAX INTERNATION,Travel & Leisure
542.HK,CENERIC HOLDINGS,Travel & Leisure
8107.HK,U BANQUET GROUP,Travel & Leisure
1235.HK,TRAVEL EXPERT,Travel & Leisure
8179.HK,GAYETY HOLDINGS,Travel & Leisure
70.HK,NEPTUNE GROUP,Travel & Leisure
1181.HK,TANG PALACE HLDG,Travel & Leisure
234.HK,NEW CENTURY GRP,Travel & Leisure
253.HK,SHUN HO RESOURCE,Travel & Leisure
6882.HK,EGL HOLDINGS CO,Travel & Leisure
1175.HK,FU JI FOOD & CAT,Travel & Leisure
703.HK,FUTURE BRIGHT,Travel & Leisure
487.HK,SUCCESS UNIVERSE,Travel & Leisure
126.HK,CARRIANNA,Travel & Leisure
292.HK,ASIA STANDARD,Travel & Leisure
908.HK,ZHUHAI HOLDINGS,Travel & Leisure
306.HK,KWOON CHUNG BUS,Travel & Leisure
355.HK,CENTURY CITY INT,Travel & Leisure
1180.HK,PARADISE ENTERTA,Travel & Leisure
1830.HK,PERFECT SHAPE PR,Travel & Leisure
296.HK,EMPEROR E HOTEL,Travel & Leisure
1221.HK,SINO HOTELS,Travel & Leisure
52.HK,FAIRWOOD HLDGS,Travel & Leisure
2266.HK,DORSETT HOSPITAL,Travel & Leisure
1009.HK,INTERNATIONAL EN,Travel & Leisure
201.HK,MAGNIF ESTATES,Travel & Leisure
198.HK,SMI HOLDINGS,Travel & Leisure
8156.HK,CHINA VANGUARD G,Travel & Leisure
1314.HK,TSUI WAH HOLDING,Travel & Leisure
154.HK,BEIJING DEV.(HK),Travel & Leisure
573.HK,TAO HEUNG,Travel & Leisure
78.HK,REGAL HOTEL INTL,Travel & Leisure
538.HK,AJISEN CHINA HOL,Travel & Leisure
2255.HK,HAICHANG HLDS,Travel & Leisure
1371.HK,CHINA LOTSYNERGY,Travel & Leisure
71.HK,MIRAMAR HOT &INV,Travel & Leisure
62.HK,TRANSPORT INTL,Travel & Leisure
105.HK,ASSOC INTL HOTEL,Travel & Leisure
51.HK,HARBOUR CENTRE,Travel & Leisure
1031.HK,KINGSTON FINANCI,Travel & Leisure
6889.HK,DYNAM JAPAN,Travel & Leisure
242.HK,SHUN TAK HOLDING,Travel & Leisure
3918.HK,NAGACORP LTD,Travel & Leisure
308.HK,CHINA TRAVEL HK,Travel & Leisure
2006.HK,SHANGHAI JIN J-H,Travel & Leisure
341.HK,CAFE DE CORAL,Travel & Leisure
45.HK,HK&S HOTELS,Travel & Leisure
1680.HK,MACAU LEGEND,Travel & Leisure
41.HK,GREAT EAGLE,Travel & Leisure
200.HK,MELCO INTL DEV,Travel & Leisure
69.HK,SHANGRI-LA ASIA,Travel & Leisure
2282.HK,MGM CHINA,Travel & Leisure
880.HK,SJM HOLDINGS LTD,Travel & Leisure
293.HK,CATHAY PAC AIR,Travel & Leisure
1128.HK,WYNN MACAU LTD,Travel & Leisure
1055.HK,CHINA SOUTHERN-H,Travel & Leisure
670.HK,CHINA EAST AIR-H,Travel & Leisure
27.HK,GALAXY ENTERTAIN,Travel & Leisure
66.HK,MTR CORP,Travel & Leisure
1928.HK,SANDS CHINA LTD,Travel & Leisure